<?xml version="1.0" encoding="UTF-8"?>
<project-private xmlns="http://www.netbeans.org/ns/project-private/1">
    <editor-bookmarks xmlns="http://www.netbeans.org/ns/editor-bookmarks/2" lastBookmarkId="0"/>
    <open-files xmlns="http://www.netbeans.org/ns/projectui-open-files/2">
        <group>
            <file>file:/C:/Users/Mahendra/Documents/NetBeansProjects/Billing%20management%20system/src/productDetails.java</file>
            <file>file:/C:/Users/Mahendra/Documents/NetBeansProjects/Billing%20management%20system/src/UpdateBuyer.java</file>
            <file>file:/C:/Users/Mahendra/Documents/NetBeansProjects/Billing%20management%20system/src/deleteProduct.java</file>
            <file>file:/C:/Users/Mahendra/Documents/NetBeansProjects/Billing%20management%20system/src/project/ConnectionProvider.java</file>
            <file>file:/C:/Users/Mahendra/Documents/NetBeansProjects/Billing%20management%20system/src/UpdateProduct.java</file>
            <file>file:/C:/Users/Mahendra/Documents/NetBeansProjects/Billing%20management%20system/src/DeleteBuyer.java</file>
            <file>file:/C:/Users/Mahendra/Documents/NetBeansProjects/Billing%20management%20system/src/billing/management/system/BillingManagementSystem.java</file>
            <file>file:/C:/Users/Mahendra/Documents/NetBeansProjects/Billing%20management%20system/src/Login.java</file>
            <file>file:/C:/Users/Mahendra/Documents/NetBeansProjects/Billing%20management%20system/src/newBuyer.java</file>
            <file>file:/C:/Users/Mahendra/Documents/NetBeansProjects/Billing%20management%20system/src/buyersDetails.java</file>
            <file>file:/C:/Users/Mahendra/Documents/NetBeansProjects/Billing%20management%20system/src/NewProduct.java</file>
            <file>file:/C:/Users/Mahendra/Documents/NetBeansProjects/Billing%20management%20system/src/Home.java</file>
            <file>file:/C:/Users/Mahendra/Documents/NetBeansProjects/Billing%20management%20system/src/billing.java</file>
        </group>
    </open-files>
</project-private>
